Title,URL,Top Comments
"What Are Your Moves Tomorrow, March 21, 2024",https://www.reddit.com/r/wallstreetbets/comments/1bjmsev/what_are_your_moves_tomorrow_march_21_2024/,"So far my most profitable day of trading in 2024 is still  the time I forgot my security answer and got locked out of my account for 24 hours
I have this weird recurring sexual fantasy where I buy an option and then sell it for more thus collecting a profit
i have paper handed away thousands of dollars 
WE BACK BOYS, NVIDIA BOOLS RISE UP
Lost 70% today. Tomorrow I will do one last moronic YOLO to close out the saga
Sold my spy calls for a loss this morning.. fml
TSM going to 200 EOM regards.
Bears lost ALL HOPE, STILL WAITING FOR SOME BULLSHIT LIKE ""BLACK THURSDAY -2.69%""

LMAO
TSM going to 200 next month get in regards
It‚Äôs a 1/2 a packet of ramen night"
"Most Anticipated Earnings Releases for the week beginning March 18th, 2024",https://i.redd.it/wuh8xctywcoc1.png,"All of us looking at this next earnings week

https://preview.redd.it/tz5ajpnn0doc1.png?width=526&format=png&auto=webp&s=624db736fa011828506f07dee12db17af76d437a
I was thinking MU calls until I saw a bunch of highly regarded individuals here say the same thing.
The fuckin fed meeting is gonna mess with earnings so bad.
nah passing this week, no money left after adobe
Was gonna say, ""new ways to loose money"" but I literally dont have any after this week 
Lol ain‚Äôt nobody got money to play these after this shit show of a week.
MU calls cheap after today
How does anyone have any money left after the crazy earnings in these past few weeks
MU pleas fly again

Also calls on LULU, women will buy clothes even if it means not eating for days
fedex puts and nike puts grabbed me \~27k in gains their last earnings, maybe part two? "
"Fed leaves rates unchanged, still sees three rate cuts in 2024 amid sticky inflation, stronger economy",https://www.reuters.com/markets/rates-bonds/feds-rate-cut-confidence-likely-shaken-not-yet-broken-by-inflation-2024-03-20/,"

FUCK IT - THE SHOW GOES ON
Poor bers
Bears will say this was priced in.
https://preview.redd.it/dd6bn5v9ajpc1.jpeg?width=1179&format=pjpg&auto=webp&s=e6bc06a18cb8ab506e27cc4818b027beab9d6330
Holy fuck my tsm and nvidia make come back to break even lol
Now I can finally have some fun again watching my stocks!
""Rates will be higher for longer"" what did JPow mean by this?
Long ‚ÄòMurica ü¶Öü¶Ö
 and my intel calls are still beaten down and raped even after they got billions "
I can tell momma I officially made it: Featured in a Forbes article,https://i.redd.it/oj7cefdl8epc1.jpeg,"

Generations from now economists will teach classes on WallStreetBets at Wharton and u/SnooDingos3776 will be viewed as the 21st century Adam Smith
You sir are now immortal.
This is amazing, congrats!
LMFAO this shit is amazing I can't wait for the IPO
It's hilarious that a serious journalist for a major news outlet had to quote someone named SnooDingos3776
At least they credited you on your amazing quote.
You will go down in history. No pun intended
This generations Socrates in this forum yet has 0 flair smdh
Wow give this man an Oscar"
Thanks for the tip on Chipotle.,https://i.redd.it/3x01abelthpc1.jpeg,"

Insane, I was watching the 2960 call and it was up 600,000% at one point lol
Wait so where exactly was this tip??
Where was this tip
Why would announcing a stock split make options go up thousands of percentage points?

Also this was announced after hours so how did you know?
Lol just so everyone knows, option contacts get split as well. The strike price is now 3180/50 for 100*50 shares.
Damn Chipotle is expensive af
No tip on WSB.. apart from thisü•≤
My order didn't go through üò¢... Time for puts or think this Is gonna keep climbing because the split announcement?
This was free money"
INTEL JUST AWARDED $8.5 BILLION CHIP DEAL FROM CONGRESS ,https://www.cnbc.com/amp/2024/03/20/intel-awarded-up-to-8point5-billion-from-chips-act-with-loans-available.html,"
**User Report**| | | |
:--|:--|:--|:--
**Total Submissions** | 1 | **First Seen In WSB** | 2 weeks ago
**Total Comments** | 127 | **Previous Best DD** | 
**Account Age** | 6 months | | 

[**Join WSB Discord**](http://discord.gg/wsbverse)
Might move like 0.02 percent if were lucky 
I get the feeling we‚Äôll see future posts about ‚Äú why is Intel down after the gov funding?‚Äù
Up 2% max ONLY because I have calls.
gets 8.5B , will probably awards 4.5B in bonuses to executives .  you know the drill
Intel awarded $8.5B, loans $11B, amd tax incentives to build chip factories in the USA. Not to mention Intel just acquired the latest UVA chip machine from ASML that can produce 1.8nm chips which Microsoft had parterned with to power their latest AI supercomputers
If revenue were going to skyrocket, Intel would have re-invested domestically ages ago

This is being funded by the government because it's a strategic play, not a profit play
So did nancy buy intel stock any point before this or any of her buddys in congress?

Looks like it was back in june 2023. Wonder how long they were working on this deal then.

Another edit, biden went to look at the fab build up back in September so nancy definitely bought in early with known insider info.
Stocks boomeranged, millions in bonuses, no forward momentum, congress fires another $15 billion towards intel> rinse and repeat.

Congress is great at picking stocks, terrible at picking companies to invest in.
What do you mean revenues will skyrocket? First time here? That money‚Äôs going straight to Intel executive wallets, no where else"
Why are you Regards Buying $90 $DWAC calls expiring in 2 days...,https://www.reddit.com/r/wallstreetbets/comments/1bjg0n7/why_are_you_regards_buying_90_dwac_calls_expiring/,"

this is what wallstreet bets was made for. A true bet
Holy hell I just checked, some of the real degens were paying $1.3 for these this morning...regret my work calls...I guess I'll sell more
bought 1 3/28 70$ contract at .86 yesterday...sold today at 5.80 lol. Poverty finance win
Bought at open yesterday after that one dude made a highly regarded post about it. Sold earlier today for a solid 700% gain. I‚Äôll watch from the sidelines now.
Dude... hush. There are some of us here making money off these Tooks.
These are the instances where I wish I could sell naked calls. Probably for the best I can‚Äôt tho.
This stock 10x‚Äôd in a week back in 2021, I know it‚Äôs almost certainly not going to hit 90 by Friday, but damn dude, doesn‚Äôt seem worth the risk for a couple hundred dollars
dude‚Ä¶ be careful under estimating the number of people that will dump into this after the results of the vote come in 10am est 3/22.. I am hesitant to sell this covered
I made 6,000 in 24 hours on DWAC"
Calls on AMD,https://i.redd.it/f0hul2rvwepc1.jpeg,"

Semiconductors runs in their blood, just like their father, and their father‚Äôs father. Some say they are descendants of an AI chip themselves, but that story is for another day.
Imagine being the CEO of AMD and having to hear about your way more successful cousin from your mom
Those family reunions could make or break our future retirement accounts
We merely adopted AI. They were born in it.
Plot twist: they‚Äôre not really competitors and monopolize the industry.
Chip mafia!
The spice must flow.
https://preview.redd.it/3iz6ph7infpc1.jpeg?width=1080&format=pjpg&auto=webp&s=b3344518659bd6ff9b40f97049c1d69894f8d89f

Oh yeah? Just like how PUMA and ADIDAS are brothers history will repeat itself

Im Bullish asfffüöÄ buying Puts tomorrow
Intels new ceo John Connor will put a stop to the cuzzins"
YOLO‚Äôd my life savings üòî ,https://i.redd.it/rldpu8tjqipc1.jpeg,"

I lose money, and then I see this, and I see the light. Thank you for being slightly dumber than I :)
You got a whole year pussy
bruh this just made my balls hurt for quick second.
That's why you don't trade more than you can afford to lose or you end up behind at Wendy's wishing you had Lambo money lol
My man really thought he was Nancy üò≠
thats on you, spent all that time saving to do this goofy trade lol
Don‚Äôt sell hold
https://preview.redd.it/hkcf74nbzipc1.jpeg?width=1290&format=pjpg&auto=webp&s=43b93c6922d896da34960471d9a954bb5c97ef6c
1 Mill calls on PANW probably only 1% of nancy‚Äô s net worth, meanwhile OP gambles all his savings"
The Fed Is Sticking By Three Rate Cuts This Year,https://www.investors.com/news/economy/federal-reserve-rate-cut-outlook-2024-jerome-powell-sp-500/,"

https://preview.redd.it/0ce5tjudbjpc1.jpeg?width=1280&format=pjpg&auto=webp&s=c6a11c0345b952694a04c15981144016c697dee8

My honest reaction
Puts getting wrecked
Have a feeling they will delay and delay
Inflation right now

https://preview.redd.it/c7vjpc2cmjpc1.jpeg?width=680&format=pjpg&auto=webp&s=ccbbf9f894329872b0f00a6c35003527863da090
Bears in shambles.  Everything to the moon!
Powell was super dovish time for real market pump
Not surprised. It's an election year. Fed will keep the party going no matter how bad inflation gets.
Mark this down, JPOW gonna do rate cuts and inflation comes back and market tanks
Markets pretty much refuse to come off, poised to go higher? Unbelievable‚Ä¶I am waiting for some weakness to pick up two stocks!"
White House awards Intel $8.5 billion in CHIPS Act funding,https://finance.yahoo.com/news/white-house-awards-intel-85-billion-in-chips-act-funding-090016682.html,"

The stock price: best I can do is .05^
If you're buying INTC because of government subsidies. You're doing it wrong. 

INTC should have the most advanced nodes by early next year with domestic supply coming online. Their designs are shit but improving and their...


Idk anymore, I've been long INTC for a long time and running out of copium.
So who on the inside gets the payoff on this one? Shit is never what it appears to be on the surface.
5 minutes later: intel announces X$ billion stock repurchase program...
computer chips are for ww3.
Pause, what's the guy doing in the caption pic?
Chips for the US Defense Department. There's always money in the US Defense Department.
https://preview.redd.it/8bjz5o1v1hpc1.jpeg?width=1400&format=pjpg&auto=webp&s=3ffd20c61c2c6867ff865884f1f1ae237fd41c1d

Me watching this fcking stock move while my 46 march 28 calls bleed
Stockprice doesnt care. +0,12% EOD"
$DWAC $925 to $8375,https://i.redd.it/mh3tjiik4ipc1.jpeg,"

I am loving my 3/28 calls as well...to the moon!
DWAC üöÄ
Make sure not to shower before visiting Wendy‚Äôs tonight.
I pulled my initial 3.5k and left the rest to run
Damn I seen this on Monday and the 70 & 80 calls were like $40-50 bucks WOOOW
Nicely done! What was the news on Monday that made you bought?
I‚Äôm new here and new to the game!  Thanks for the tip‚Ä¶.Holding till..I have no clueeee‚Ä¶lol!!!  üöÄ
Is there a reason you‚Äôre buying calls that are that deep OTM? Just cheaper than buying closer? Orrrr
Trying to figure out when enough is enough - which means ill be left bagholding!"
"What Musk predicted for Tesla‚Äôs market cap, seems more likely to be happening to Nvidia. ",https://www.reddit.com/r/wallstreetbets/comments/1bjbx3x/what_musk_predicted_for_teslas_market_cap_seems/,"
**User Report**| | | |
:--|:--|:--|:--
**Total Submissions** | 4 | **First Seen In WSB** | 1 month ago
**Total Comments** | 23 | **Previous Best DD** | 
**Account Age** | 1 year | | 

[**Join WSB Discord**](http://discord.gg/wsbverse)
>NVIDIA's CEO is Jensen Huang, appointed in Apr 1993, has a tenure of 30.92 years. total yearly compensation is $21.36M, comprised of 4.7% salary and 95.3% bonuses, including company stock and options. directly owns 3.52% of the company's shares, worth ‚Ç¨70.48B.

Ya what could really motivate this guy? We may never know
He owns nearly 10% of shares and you wonder how he stays motivated? What is 10% of 2 trillion? A lot of fucking motivation.
Why is it so hard to understand facts - When they created Musk's pay package, it was based on goals that were nearly impossible, and that's why it was even granted.

It would be the equivalent if tomorrow they tell INTC CEO Pat Gellsinger that he can have a $50 billion pay package, and all he has to do is increase the company's value 10-fold, surpass TSMC, and outsell NVDA in AI chips within 5 years.

I know it's easy to hate musk, but in order to collect that pay package, he had to create 100s of billions of dollars of market value for TSLA shareholders and coincidentally make millionaires out of tons of employees (including factory workers) whose pay was heavily incentivized through stock options.

Other company shareholders should beg for their CEOs to be paid this way. Instead, most CEOs collects 10s of millions of dollars, even if they turn the company into a fucking dumpster fire, or the stock value goes nowhere for years.
Just to show how institutional and individual investors are fucking morons.. most slept on NVIDIA and went all in on Tesla because of the cult of personality that is Elmo.. all the while Jensen is there fucking delivering.. how many idiots were talking about fucking DOJO beating Nvidia because they had a CGI image of it saying it would be the bestest ever.. idiots
No. Just like tesla had a huge leg up in timing and could not stop the waves of competition. Same thing will happen with nvidia down the stretch.
Jensen doesn‚Äôt talk crap like Musk, he just delivered returns to shareholders.
Maybe Elon shouldn‚Äôt have sold 32,000 BTC a couple years ago.
Was he high when he told this
Maybe he'll pull it off, but I'm highly skeptical of any tech product that tries to dabble in every field. I'd rather invest in a highly specialized company than the jack of all trades company. 

X doing phone calls, video, payments, ai, etc... no thanks. I just wanted Twitter."
Does anyone in here actually believe inflation numbers?,https://www.reddit.com/r/wallstreetbets/comments/1bjlim1/does_anyone_in_here_actually_believe_inflation/,"

I live in France and oh boy has good gone up. Where I used to see 1's and then the cents is now a bunch of 2-3's. I've also noticed some of the things I like have reduced the size. Ive actually been eating a whole lot healthier because it's cheaper to buy and prepare veggies fresh.
We buy 90% of our groceries at WalMart. We get a few bulk items elsewhere. As such, we easily can track what we spent four years ago to now. 

We easily spend 50% more a week.
My thoughts are buy stonks, all that extra money you paid ends up in the stock market!
State by state is different ,even city by city ,South Florida a lot still at ath
Inflation is much much higher and gl if you don‚Äôt own property yet
The inflation numbers are highly manipulated - they use thing like hedonic adjustments, substitution (Ex: If steak gets too expensive, then people will just eat ground beef), etc.

It's never as clear as it looks - and yes, it's total bullshit. Gd 12 pack of diet-dr pepper is up 100%
Every couple months when coupons show up for local fast food chains, their ""deals"" are always up by .50 - 1.00. Its like they DONT want me to eat their shitty food anymore.
Nope, everybody pays way more than those shenanigans numbers
The numbers are made from ‚Äúthe federal reserve‚Äôs preferred inflation index‚Äù aka we slashed everything that makes sense from the calculations so we can separate ourselves from the blame of doing a fuck awful job. You‚Äôre not crazy they are just lying by omission."
"Daily Discussion Thread for March 20, 2024",https://www.reddit.com/r/wallstreetbets/comments/1bja1b0/daily_discussion_thread_for_march_20_2024/,"Literally shaking in the casino parking lot rn¬†
Jpowell gonna walk on stage playing pump up the jam wearing a diamond chain and say fuck yo poots
Can‚Äôt wait to hear JPow say he‚Äôs looking at the data foe the 100th time 
# I JUST GOT FIRED!!!!!!!!!!!!!
The thing about gambling is you will never be satisfied.
I‚Äôm up $7 premarket so you could say I‚Äôm pretty well off
J Powell to announce the return of the Gold Standard. But instead of Gold our money will be backed by Nvidia Blackwells and Guac from Chipotle.
Should‚Äôve listened to the dwac regard 
DWAC has 3 fuckin employees?
Dwac guy pumped the stock"
